X,Y,OBJECTID,ULAND,UREGBEZ,UKREIS,UGEMEINDE,UJAHR,UMONAT,USTUNDE,UWOCHENTAG,UKATEGORIE,UART,UTYP1,ULICHTVERH,IstRad,IstPKW,IstFuss,IstKrad,IstGkfz,IstSonstig,STRZUSTAND,LINREFX,LINREFY,weight
10.6576307938192,53.8815335004632,3868,1,0,3,0,2018,6,19,3,3,5,3,0,1,1,0,0,0,0,0,608960.5826,5971614.5385,40
10.6927803353339,53.87565556108,3869,1,0,3,0,2018,6,12,6,3,5,3,0,1,1,0,0,0,0,0,611286.4646,5971015.2367,40
10.7350141529608,53.8561934135968,3877,1,0,3,0,2018,7,8,2,3,2,6,0,0,1,0,0,0,0,0,614115.703,5968917.3197,40
10.7378112455913,53.8518965941292,3892,1,0,3,0,2018,5,8,4,3,5,2,0,1,1,0,0,0,0,0,614311.3675,5968443.8353,40
10.673043282178,53.848103660087,3901,1,0,3,0,2018,6,7,4,3,6,4,0,1,0,1,0,0,0,0,610061.3262,5967919.4761,40
10.6575490775597,53.8816079588379,3902,1,0,3,0,2018,7,10,6,3,5,2,0,1,0,0,1,0,0,0,608955.018,5971622.696,40
10.6603250564575,53.8790001777265,3904,1,0,3,0,2018,8,10,5,2,2,6,0,0,0,0,1,0,0,0,609144.2674,5971336.8646,70
10.6782471571866,53.879137398614,3926,1,0,3,0,2018,7,11,4,3,5,3,0,0,1,0,1,0,0,0,610321.9436,5971379.8615,40
10.6647606001951,53.8663824590899,3932,1,0,3,0,2018,9,16,4,3,5,3,0,0,1,0,1,0,0,0,609468.771,5969940.057,40
10.6940384142188,53.8766127963832,3942,1,0,3,0,2018,7,7,3,3,5,3,0,1,0,0,0,0,1,0,611366.6218,5971123.6977,40
10.6747559491799,53.8664465899905,3961,1,0,3,0,2018,7,17,2,3,5,2,0,1,1,0,0,0,0,0,610125.8046,5969962.6641,40
10.6672602089654,53.8931595736204,3974,1,0,3,0,2018,7,10,5,3,6,4,0,0,0,1,0,0,1,0,609563.0837,5972922.7084,40
10.7115238524356,53.9149112620633,3987,1,0,55,4,2018,8,21,6,3,2,6,2,0,1,0,0,0,0,0,612413.1609,5975411.7493,40
10.6385343710603,53.8550210179507,3996,1,0,3,0,2018,8,15,7,3,2,6,0,0,1,0,0,0,1,1,607773.5688,5968636.006,40
10.680731641706,53.7968292521399,3998,1,0,53,43,2018,7,12,6,3,8,7,0,0,1,0,0,0,0,0,610702.16,5962227.528,40
10.6920114431134,53.8839739015655,4023,1,0,3,0,2018,9,8,6,3,2,6,0,0,1,0,0,0,0,0,611213.84,5971939.3915,40
10.6642809106585,53.8541237166214,4028,1,0,3,0,2018,8,7,2,3,2,6,0,0,1,0,0,0,1,0,609469.2298,5968575.6099,40
10.7467981445893,53.8724465784818,4037,1,0,3,0,2018,9,15,3,3,2,2,0,0,1,0,1,0,0,0,614846.1575,5970744.3796,40
10.6850562759811,53.8584146985157,4047,1,0,3,0,2018,9,13,3,3,5,2,0,1,1,0,0,0,0,0,610824.285,5969085.212,40
10.6817776341594,53.853243862739,4049,1,0,3,0,2018,7,4,6,3,5,3,0,1,1,0,0,0,0,0,610622.3097,5968504.8741,40
10.6584017271435,53.8431329227746,4056,1,0,3,0,2018,8,14,4,3,0,2,0,1,1,0,0,0,0,0,609111.1387,5967343.8989,40
10.6735986491894,53.8626502708988,4060,1,0,3,0,2018,9,12,7,3,9,1,0,1,1,0,0,0,0,0,610059.6769,5969538.5519,40
10.616844593689,53.8893599090262,4061,1,0,3,0,2018,7,17,2,3,8,7,0,0,1,0,0,0,0,0,606259.961,5972423.289,40
10.6829766679962,53.8512455166896,4084,1,0,3,0,2018,8,17,3,3,2,2,0,0,1,0,1,0,0,0,610706.446,5968284.4422,40
10.6648204209874,53.8542866602638,4086,1,0,3,0,2018,9,18,7,3,5,3,0,0,1,0,1,0,0,0,609504.288,5968594.569,40
10.6790008737276,53.8570110151112,4091,1,0,3,0,2018,9,16,4,3,3,6,0,1,0,0,0,0,0,0,610429.7589,5968919.618,40
10.7114551748651,53.8635977521431,4092,1,0,3,0,2018,10,14,3,3,2,2,0,0,1,0,0,1,0,1,612546.4427,5969703.3567,40
10.6705887898568,53.8795148215518,4098,1,0,3,0,2018,8,19,7,3,6,4,0,0,1,1,0,0,0,0,609817.5644,5971409.9608,40
10.6967640940527,53.8076466934889,4104,1,0,3,0,2018,8,12,5,3,5,2,0,0,1,0,0,0,0,0,611729.2858,5963456.0027,40
10.6733087810574,53.8715119116234,4124,1,0,3,0,2018,10,4,6,3,3,6,2,1,0,0,0,0,0,0,610017.3572,5970523.9028,40
10.6749736448731,53.8661296176263,4142,1,0,3,0,2018,9,15,5,3,2,6,0,0,1,0,0,0,0,0,610140.951,5969927.741,40
10.6884229062449,53.8540948698047,4159,1,0,3,0,2018,9,15,6,3,5,3,0,1,1,0,0,0,0,0,611057.1241,5968609.9258,40
10.772411726749,53.9054595707595,4163,1,0,3,0,2018,7,13,6,3,1,5,0,0,1,0,1,0,0,0,616438.195,5974458.5987,40
10.6623558612189,53.8747540206321,4178,1,0,3,0,2018,7,20,7,3,3,6,0,0,1,0,0,0,0,0,609288.8276,5970867.6328,40
10.8314963008483,53.9343293304714,4183,1,0,3,0,2018,8,17,5,3,9,1,0,0,0,0,1,0,0,0,620236.3496,5977768.7817,40
10.8319455309175,53.9342542758518,4187,1,0,3,0,2018,9,6,4,3,8,1,1,0,0,0,1,0,0,1,620266.054,5977761.1948,40
10.6584788388987,53.8431523720913,4190,1,0,3,0,2018,9,17,2,3,5,2,0,1,1,0,0,0,0,0,609116.1611,5967346.1811,40
10.6477599529491,53.8501423892388,4195,1,0,3,0,2018,7,19,5,2,5,2,0,1,1,0,0,0,0,1,608392.9319,5968107.3444,70
10.678949916871,53.8421147083785,4204,1,0,3,0,2018,7,14,5,3,5,2,0,0,1,0,0,0,0,0,610465.6287,5967262.4261,40
10.6887446178325,53.8550378406651,4213,1,0,3,0,2018,9,11,2,3,0,2,0,1,0,0,0,0,1,0,611075.7856,5968715.3285,40
10.7464013551086,53.8567290686649,4220,1,0,3,0,2018,9,7,2,3,5,3,0,0,1,0,0,0,0,0,614863.127,5968995.286,40
10.6542541691164,53.88450684822,4223,1,0,3,0,2018,7,22,5,3,5,2,2,0,1,0,1,0,0,0,608730.9299,5971940.1232,40
10.6732729780781,53.8677137041345,4227,1,0,3,0,2018,8,12,4,2,6,2,0,0,1,1,0,0,0,0,610024.9726,5970101.3209,70
10.677990002952,53.8487744277195,4230,1,0,3,0,2018,9,23,1,3,5,3,2,0,1,0,0,0,0,0,610384.9535,5968001.78,40
10.7269047594385,53.8732537511936,4240,1,0,3,0,2018,8,17,1,3,5,3,0,1,1,0,0,0,0,0,613536.1683,5970802.1408,40
10.6806081662977,53.8836425345047,4241,1,0,3,0,2018,8,21,1,2,1,5,2,0,1,1,0,0,0,0,610465.256,5971884.705,70
10.6760611597669,53.8801002965031,4242,1,0,3,0,2018,7,15,5,3,5,2,0,1,1,0,0,0,0,0,610175.7246,5971483.5794,40
10.6770320430975,53.8576708736795,4249,1,0,3,0,2018,7,16,5,3,5,7,0,0,1,0,1,0,0,0,610298.5424,5968989.9597,40
10.6914870797323,53.8585418741744,4254,1,0,3,0,2018,7,14,3,3,3,2,0,0,1,0,0,0,1,0,611246.8572,5969109.4257,40
10.6873876716458,53.7878752538998,4257,1,0,3,0,2018,8,8,6,2,7,7,0,0,0,0,1,0,0,0,611164.2006,5961241.8667,70
10.6779279623106,53.8808415326914,4271,1,0,3,0,2018,7,13,3,3,5,3,0,1,1,0,0,0,0,0,610296.4768,5971568.9392,40
10.6625653690518,53.8692402534962,4294,1,0,3,0,2018,9,10,1,3,5,3,0,1,1,0,0,0,0,0,609316.98,5970254.583,40
10.7081423878178,53.8420963499392,4305,1,0,3,0,2018,8,11,7,3,3,6,0,0,1,0,0,0,0,0,612386.2101,5967306.2306,40
10.661075652431,53.8816858928199,4312,1,0,3,0,2018,8,18,3,3,2,3,0,0,1,0,0,0,0,0,609186.6061,5971636.7898,40
10.68646166089,53.8387727004299,4315,1,0,3,0,2018,9,9,6,3,5,3,0,1,1,0,1,0,0,0,610968.6544,5966902.3731,40
10.697996832364,53.8757374441098,4326,1,0,3,0,2018,7,18,3,3,5,3,0,1,1,0,0,0,0,0,611629.158,5971032.544,40
10.6907862417336,53.8844991188301,4335,1,0,3,0,2018,9,14,5,3,2,6,0,0,1,0,0,0,0,0,611131.9229,5971995.8977,40
10.6708103962679,53.8696470771656,4337,1,0,3,0,2018,8,18,2,3,2,6,0,0,1,0,0,0,0,0,609857.9941,5970312.5791,40
10.6764661292656,53.8486350690977,4360,1,0,3,0,2018,9,14,3,3,5,2,0,0,1,0,1,0,0,0,610285.082,5967983.9073,40
10.7028444549841,53.8511281035911,4396,1,0,3,0,2018,8,7,5,2,5,2,0,1,1,0,0,0,0,1,612013.5493,5968302.5683,70
10.6417459534085,53.8458642157328,4412,1,0,3,0,2018,8,18,2,2,0,7,0,1,0,0,0,0,0,0,608008.3662,5967622.2522,70
10.6744159727204,53.866144209398,4416,1,0,3,0,2018,9,10,5,3,0,3,0,0,1,0,1,0,0,0,610104.2451,5969928.4984,40
10.6746052192246,53.8656842618571,4454,1,0,3,0,2018,9,8,3,3,3,6,0,1,0,0,0,0,0,0,610117.8964,5969877.626,40
10.73973030111,53.8505632383938,4462,1,0,3,0,2018,8,6,4,3,5,3,0,1,1,0,0,0,0,0,614441.227,5968298.604,40
10.6773847730728,53.8801973248159,4466,1,0,3,0,2018,9,17,7,3,2,6,0,0,1,0,0,0,0,0,610262.4693,5971496.4304,40
10.6625756569617,53.8535012247862,4471,1,0,3,0,2018,9,9,3,3,6,4,0,0,1,1,0,0,0,0,609358.6982,5968503.7316,40
10.6881433521043,53.8531172883557,4474,1,0,3,0,2018,8,23,6,2,0,7,2,1,0,0,0,0,0,0,611041.326,5968500.739,70
10.6799475118847,53.8567520260692,4491,1,0,3,0,2018,9,14,2,3,2,2,0,0,1,0,0,0,0,0,610492.6973,5968892.2813,40
10.6582461701991,53.8503523853753,4493,1,0,3,0,2018,8,12,5,3,2,6,0,0,1,0,1,0,0,0,609082.1318,5968146.7779,40
10.6989442680957,53.8516186699615,4494,1,0,3,0,2018,9,16,6,3,0,1,0,0,0,0,1,0,0,1,611755.7098,5968350.9891,40
10.7352914605147,53.9168378739936,4495,1,0,55,35,2018,7,16,2,3,2,2,0,0,1,0,0,0,0,0,613968.8289,5975664.0266,40
10.7003567617798,53.875678496683,4496,1,0,3,0,2018,9,7,4,3,5,3,0,1,1,0,0,0,0,0,611784.4471,5971029.7037,40
10.7015745404252,53.8521454735183,4497,1,0,3,0,2018,10,9,3,3,2,6,0,0,1,0,0,0,0,1,611927.3066,5968413.739,40
10.7192117614434,53.8643336138975,4507,1,0,3,0,2018,8,11,2,3,5,3,0,0,1,0,0,0,0,0,613054.4903,5969797.5515,40
10.8612852016375,53.9579655197186,4530,1,0,3,0,2018,8,13,7,3,5,3,0,1,1,0,0,0,0,0,622122.68,5980449.061,40
10.7137683592315,53.8638124357767,4536,1,0,3,0,2018,8,7,5,3,1,5,0,0,1,0,0,0,0,0,612697.9684,5969730.9116,40
10.860430784772,53.9571191064834,4549,1,0,3,0,2018,9,18,4,3,5,3,0,1,1,0,0,0,0,0,622069.099,5980353.432,40
10.6877341920877,53.8513763097049,4552,1,0,3,0,2018,8,13,7,3,2,6,0,0,1,0,0,0,0,0,611019.023,5968306.4268,40
10.6634633187327,53.8683461910895,4555,1,0,3,0,2018,9,11,6,3,0,6,0,1,0,0,0,0,0,0,609378.3498,5970156.5085,40
10.7114043081379,53.8633976917479,4570,1,0,3,0,2018,8,14,6,3,0,6,0,0,1,0,1,0,0,1,612543.635,5969681.0207,40
10.6390365101829,53.8694233330247,4571,1,0,3,0,2018,7,10,5,2,2,6,0,0,1,0,0,1,1,0,607769.5693,5970238.9413,70
10.682007996783,53.8448846353359,4572,1,0,3,0,2018,8,13,6,3,2,6,0,0,1,0,1,0,0,0,610659.5102,5967575.3268,40
10.672257829764,53.8699930587187,4621,1,0,3,0,2018,9,11,2,3,6,4,0,0,0,1,0,0,1,0,609952.249,5970353.3103,40
10.7084308128376,53.8402906581676,4628,1,0,3,0,2018,9,17,2,3,2,2,0,0,1,0,0,0,0,0,612410.0224,5967105.8178,40
10.8045210137786,53.9117740101503,4651,1,0,3,0,2018,9,12,6,3,4,6,0,1,0,0,0,0,0,0,618529.5134,5975214.2465,40
10.6637647463936,53.8452665610816,4656,1,0,3,0,2018,7,8,4,3,5,3,0,0,1,0,0,0,0,1,609458.391,5967589.513,40
10.7188436383321,53.8645198947654,4669,1,0,3,0,2018,9,13,5,3,5,2,0,1,1,0,0,0,0,0,613029.7827,5969817.6872,40
10.6910165747116,53.8773659951449,4704,1,0,3,0,2018,7,12,4,3,2,6,0,0,1,0,0,0,0,1,611165.9846,5971202.745,40
10.6744489474777,53.866111932572,4708,1,0,3,0,2018,8,6,5,3,2,6,1,1,1,0,0,0,0,1,610106.498,5969924.959,40
10.673187104321,53.8677899908506,4716,1,0,3,0,2018,8,13,7,3,7,1,0,1,0,0,0,0,0,0,610019.1263,5970109.6741,40
10.6637713041654,53.8759778907266,4735,1,0,3,0,2018,7,18,4,3,3,6,0,0,1,0,1,0,0,0,609378.6813,5971005.963,40
10.6270469443165,53.8606885767282,4748,1,0,3,0,2018,9,9,5,3,2,6,0,0,1,0,0,0,0,0,607003.59,5969249.098,40
10.6898616838974,53.8514795259727,4750,1,0,3,0,2018,8,8,2,3,1,1,0,1,1,0,0,0,0,1,611158.6834,5968321.2404,40
10.6420749759366,53.8449671401114,4758,1,0,3,0,2018,9,18,5,3,2,6,1,0,1,0,0,0,0,0,608032.3203,5967522.9591,40
10.7284982120836,53.865099624653,4760,1,0,3,0,2018,9,9,3,3,1,7,0,0,1,0,0,0,0,0,613663.0296,5969897.6063,40
10.6617599216016,53.8689546909329,4771,1,0,3,0,2018,7,12,3,3,5,2,0,1,1,0,0,0,0,0,609264.7691,5970221.5748,40
10.6588358748956,53.8803741326221,4773,1,0,3,0,2018,10,17,4,3,0,3,0,1,1,0,0,0,0,0,609042.8063,5971487.418,40
10.6807020188912,53.8563060143064,4774,1,0,3,0,2018,7,8,4,3,4,6,0,0,1,0,0,0,0,0,610543.4937,5968843.841,40
10.7388283010363,53.913510009529,4779,1,0,3,0,2018,9,13,5,3,7,7,0,0,0,0,1,0,1,0,614210.1787,5975299.5168,40
10.6570765199793,53.8820730877245,4790,1,0,3,0,2018,7,21,3,3,0,5,0,1,0,0,0,0,1,0,608922.749,5971673.7129,40
10.8763909477927,53.9541230046793,4793,1,0,3,0,2018,8,19,6,3,0,7,0,1,0,0,0,0,0,0,623125.0129,5980047.7606,40
10.7247643379114,53.8620685724535,4806,1,0,3,0,2018,8,8,3,3,5,3,0,0,1,0,0,0,1,0,613425.719,5969554.447,40
10.708187044472,53.9143101106779,4819,1,0,55,4,2018,9,13,1,3,2,6,0,0,1,0,0,0,0,0,612195.6304,5975339.5883,40
10.7114397981498,53.8635358416374,4827,1,0,3,0,2018,8,15,2,3,5,2,0,1,1,0,0,0,0,0,612545.5978,5969696.4452,40
10.67019308765,53.8792978252341,4831,1,0,3,0,2018,9,12,5,3,5,2,0,1,0,0,0,1,0,0,609792.1234,5971385.2086,40
10.6825442211306,53.8515404288852,4844,1,0,3,0,2018,8,17,3,3,0,3,0,1,1,0,0,0,0,0,610677.2239,5968316.5744,40
10.8713855279973,53.9546933735989,4861,1,0,3,0,2018,10,14,2,3,0,1,0,1,0,0,0,0,0,1,622794.927,5980102.5217,40
10.6779180392759,53.8803437979762,4876,1,0,3,0,2018,7,21,7,3,5,2,1,1,1,0,0,0,0,0,610297.1348,5971513.5539,40
10.706084515407,53.8490637607161,4882,1,0,3,0,2018,9,9,7,3,2,6,0,0,1,0,0,0,0,0,612232.1854,5968078.046,40
10.6821809824819,53.8521595764762,4900,1,0,3,0,2018,7,16,6,3,4,6,0,1,0,0,0,0,0,0,610651.6989,5968384.8837,40
10.8602642409185,53.9571162924205,4901,1,0,3,0,2018,8,11,1,3,0,2,0,1,1,0,0,0,0,0,622058.1809,5980352.832,40
10.7010413350272,53.8526023068837,4904,1,0,3,0,2018,9,8,3,3,8,1,0,1,0,0,0,0,0,0,611891.0175,5968463.7173,40
10.7193075763884,53.8643206231602,4909,1,0,3,0,2018,9,23,7,3,5,3,2,0,1,0,0,0,0,0,613060.8255,5969796.2591,40
10.6528262238949,53.8365034289172,4910,1,0,3,0,2018,7,14,2,3,5,3,0,0,1,0,1,0,0,0,608761.522,5966597.851,40
10.7080808677072,53.8748404140623,4923,1,0,3,0,2018,10,14,5,3,2,6,0,0,1,0,0,1,0,1,612294.4434,5970948.6754,40
10.7175724927919,53.830913205952,4927,1,0,3,0,2018,8,12,2,3,5,2,0,1,1,0,0,0,0,0,613036.719,5966077.171,40
10.6864549402637,53.8387894242968,4933,1,0,3,0,2018,8,20,3,3,5,3,1,1,1,0,0,0,0,0,610968.168,5966904.223,40
10.7030369581571,53.8862556468393,4934,1,0,3,0,2018,9,7,2,3,5,2,0,1,1,0,0,0,0,0,611932.3721,5972210.5687,40
10.620945460065,53.8615797286939,4957,1,0,3,0,2018,7,16,4,3,2,6,0,0,1,0,0,0,1,1,606600.0897,5969339.0468,40
10.6947041941105,53.874558735535,4967,1,0,3,0,2018,9,16,4,2,5,2,0,1,1,0,0,0,0,0,611415.8473,5970896.2428,70
10.6827547740772,53.8514312184709,4973,1,0,3,0,2018,8,11,5,3,5,3,0,1,1,0,0,0,0,0,610691.361,5968304.754,40
10.6669913618445,53.8766411939661,4974,1,0,3,0,2018,9,7,6,3,6,4,0,0,1,1,0,0,0,0,609588.6197,5971084.7225,40
10.7086325271937,53.884622771714,4978,1,0,3,0,2018,7,6,1,3,0,1,0,1,0,0,0,0,0,0,612304.4859,5972037.7696,40
10.6532806825135,53.8853322306811,4983,1,0,3,0,2018,9,11,6,3,5,3,0,1,1,0,0,0,0,0,608664.809,5972030.45,40
10.6792252417675,53.8423621278312,4991,1,0,3,0,2018,8,13,6,3,4,6,0,1,0,0,0,0,0,0,610483.0905,5967290.3785,40
10.8206318097874,53.9255410184014,4994,1,0,3,0,2018,9,18,5,3,0,7,0,0,0,0,1,0,1,1,619548.2961,5976772.7731,40
10.6672180285859,53.8702714876989,5013,1,0,3,0,2018,9,14,2,3,5,2,0,1,1,0,0,0,0,0,609620.1785,5970376.4825,40
10.6720792126859,53.8799797684047,5035,1,0,3,0,2018,9,16,6,3,5,3,0,1,1,0,0,0,0,1,609914.3105,5971463.9923,40
10.6783298159176,53.8772322289097,5036,1,0,3,0,2018,7,17,2,3,5,3,0,1,1,0,0,0,0,0,610332.393,5971168.052,40
10.6414629986554,53.8473654847432,5037,1,0,3,0,2018,9,18,4,3,3,6,1,1,0,0,0,0,0,0,607985.8882,5967788.8283,40
10.7081578120341,53.8419832400443,5053,1,0,3,0,2018,7,9,2,3,5,2,0,1,1,0,0,0,0,0,612387.5278,5967293.6724,40
10.6917516087483,53.8582555859394,5063,1,0,3,0,2018,7,19,7,3,0,7,0,1,0,0,0,0,0,1,611265.013,5969077.993,40
10.6676973905755,53.8772912179031,5064,1,0,3,0,2018,9,19,2,2,0,7,0,0,0,0,1,0,0,1,609633.3297,5971158.1249,70
10.6644273463664,53.8804575627582,5091,1,0,3,0,2018,8,16,1,3,3,6,0,0,1,1,0,0,0,0,609410.1098,5971505.3113,40
10.6790599963211,53.8822784209662,5097,1,0,3,0,2018,9,12,1,3,2,2,0,0,1,0,0,0,0,0,610367.0981,5971730.5453,40
10.7745598572916,53.9043276792783,5106,1,0,3,0,2018,8,13,6,3,1,5,0,0,1,0,1,0,0,0,616582.4544,5974336.2148,40
10.6625355255633,53.869757536205,5120,1,0,3,0,2018,7,16,3,3,3,6,0,1,0,0,0,0,1,0,609313.6689,5970312.0815,40
10.6907051342321,53.8844578536027,5124,1,0,3,0,2018,8,12,5,3,4,1,0,0,1,0,0,0,0,1,611126.7018,5971991.1801,40
10.6717958158718,53.8592655324253,5126,1,0,3,0,2018,8,20,5,3,5,2,1,1,1,0,0,0,0,0,609950.0038,5969159.2259,40
10.7153863949887,53.8639764898203,5140,1,0,3,0,2018,8,18,2,2,0,7,0,1,0,0,0,0,0,0,612803.9199,5969751.7335,70
10.6821158806275,53.8511929089236,5141,1,0,3,0,2018,7,12,3,3,5,2,0,1,1,0,0,0,0,0,610649.967,5968277.247,40
10.6624297365414,53.8699031590726,5157,1,0,3,0,2018,9,16,2,3,2,6,0,0,1,0,0,0,0,0,609306.334,5970328.1181,40
10.678523290404,53.8780571466794,5160,1,0,3,0,2018,8,2,7,3,8,1,2,0,1,0,0,0,1,0,610342.9386,5971260.1199,40
10.857389969752,53.9572875445814,5165,1,0,3,0,2018,9,8,2,3,5,3,0,1,1,0,0,0,0,0,621869.1111,5980366.934,40
10.6677966826711,53.8716051769583,5180,1,0,3,0,2018,7,10,3,3,5,3,0,1,1,0,0,0,0,0,609654.7328,5970525.7416,40
10.6846717835667,53.8800526278052,5214,1,0,3,0,2018,9,16,3,3,5,2,0,1,0,0,0,1,0,0,610741.8196,5971491.6886,40
10.6977616010311,53.8549344347458,5220,1,0,3,0,2018,7,14,2,3,0,1,0,1,0,0,0,0,0,0,611669.093,5968717.982,40
10.6640237307664,53.8540433841682,5235,1,0,3,0,2018,7,15,5,3,2,6,0,0,1,0,0,0,0,0,609452.5247,5968566.2766,40
10.8487169497363,53.9440794074964,5257,1,0,3,0,2018,8,11,7,3,2,6,0,1,0,0,0,0,0,1,621338.4519,5978882.752,40
10.6658765058001,53.8629627125303,5265,1,0,3,0,2018,9,13,6,3,2,6,0,0,1,0,0,0,0,0,609551.0783,5969561.3547,40
10.708123704325,53.8422333478362,5272,1,0,3,0,2018,7,17,4,3,0,1,0,1,0,0,0,0,0,0,612384.614,5967321.441,40
10.6825409621864,53.8515424171817,5287,1,0,3,0,2018,8,15,2,3,5,2,0,1,1,0,0,0,0,0,610677.0043,5968316.7905,40
10.693722350245,53.875549007993,5297,1,0,3,0,2018,9,11,3,3,5,3,0,1,1,0,0,0,0,0,611348.672,5971004.862,40
10.644366355498,53.8585492679237,5307,1,0,3,0,2018,9,9,3,3,5,3,0,0,1,0,0,0,0,0,608148.0329,5969037.3783,40
10.6580024242254,53.8811948804175,5319,1,0,3,0,2018,9,12,7,3,5,3,0,1,1,0,0,0,0,0,608985.8896,5971577.4401,40
10.6353497593149,53.8413508576904,5327,1,0,3,0,2018,8,9,6,2,6,2,0,0,1,1,0,0,0,0,607599.1773,5967110.4505,70
10.6791120723569,53.8614518145653,5336,1,0,3,0,2018,8,10,4,3,2,2,0,0,1,0,0,0,0,0,610425.377,5969413.8005,40
10.6774591495971,53.8486978482248,5337,1,0,3,0,2018,8,10,2,3,0,6,0,0,0,0,0,0,1,0,610350.2363,5967992.4352,40
10.6922841200128,53.8817709311078,5344,1,0,3,0,2018,8,13,3,3,5,2,0,0,1,0,0,0,0,0,611237.61,5971694.753,40
10.6867717938155,53.851188491026,5345,1,0,3,0,2018,9,13,2,3,2,2,0,0,1,0,0,0,0,0,610956.2189,5968284.0276,40
10.6588620045027,53.8844337947945,5351,1,0,3,0,2018,9,17,4,3,5,3,0,0,1,0,1,0,0,0,609033.9584,5971939.0716,40
10.6717635480967,53.8690533633288,5362,1,0,3,0,2018,8,23,2,3,5,2,2,0,1,0,0,0,0,0,609922.2166,5970248.009,40
10.8045140624732,53.9117379430424,5366,1,0,3,0,2018,8,15,5,3,2,6,0,0,1,0,0,0,0,0,618529.159,5975210.2227,40
10.6804744065816,53.85650166095,5367,1,0,3,0,2018,7,21,2,3,5,2,0,1,1,0,0,0,0,0,610528.0088,5968865.2507,40
10.6605698829633,53.8684288510674,5374,1,0,3,0,2018,8,21,5,2,5,3,2,1,1,0,0,0,0,1,609187.8975,5970161.2457,70
10.6760769023739,53.8662738258999,5412,1,0,3,0,2018,8,15,7,3,2,6,0,1,1,0,0,0,0,0,610213.1123,5969945.497,40
10.6831930709209,53.8490751485177,5415,1,0,3,0,2018,9,15,6,3,2,2,0,0,1,0,0,0,0,0,610726.4087,5968043.3414,40
10.6620589419219,53.874656447768,5425,1,0,3,0,2018,9,18,6,3,2,6,0,0,1,0,0,0,0,1,609269.5632,5970856.3209,40
10.6673542518765,53.8770484225495,5431,1,0,3,0,2018,8,15,6,3,5,3,0,0,1,0,1,0,0,1,609611.409,5971130.585,40
10.7205276161621,53.9171092329336,5445,1,0,55,4,2018,9,15,5,3,7,7,0,0,0,0,0,1,0,0,612998.5398,5975670.576,40
10.7084626883435,53.8402394924573,5449,1,0,3,0,2018,8,14,5,3,5,2,0,1,1,0,0,0,0,0,612412.2566,5967100.1765,40
10.6885516032488,53.8830230097259,5450,1,0,3,0,2018,7,9,2,3,2,6,0,0,1,0,0,0,0,0,610988.9681,5971828.1902,40
10.7645705134866,53.8911009635287,5461,1,0,3,0,2018,7,6,2,3,0,7,0,1,0,0,0,0,0,0,615962.8769,5972848.4608,40
10.6601990044192,53.8790304570482,5472,1,0,3,0,2018,7,16,2,3,4,6,0,1,0,0,0,0,0,0,609135.903,5971340.039,40
10.6804456737024,53.8565225859812,5475,1,0,3,0,2018,9,10,7,2,2,3,0,1,1,0,1,0,0,0,610526.064,5968867.5337,70
10.6757798382068,53.8588588520832,5488,1,0,3,0,2018,9,8,2,2,7,7,0,0,0,1,1,0,0,0,610213.0696,5969120.1681,70
10.7120715136691,53.8149103631974,5495,1,0,3,0,2018,8,7,4,3,4,6,0,0,1,0,0,0,0,0,612717.6729,5964288.2314,40
10.6723804193746,53.8686042587512,5506,1,0,3,0,2018,7,15,4,3,2,6,0,0,1,0,0,0,0,0,609963.9519,5970199.0052,40
10.6572462607557,53.8424974385596,5511,1,0,3,0,2018,9,5,5,3,5,3,2,1,1,0,0,0,0,0,609036.775,5967271.4291,40
10.7090097908158,53.8819163261167,5512,1,0,3,0,2018,9,15,4,3,5,3,0,1,1,0,0,0,0,0,612336.537,5971737.2934,40
10.6310888857159,53.8660390944504,5542,1,0,3,0,2018,9,7,4,2,3,6,0,0,1,0,0,0,0,0,607255.7003,5969850.4171,70
10.667169075479,53.8865890467352,5577,1,0,3,0,2018,10,14,6,3,2,6,0,0,1,0,0,0,0,0,609574.2827,5972191.6354,40
10.6785223068928,53.8778056117503,5592,1,0,3,0,2018,7,17,4,3,0,2,0,1,1,0,0,0,0,0,610343.5363,5971232.1367,40
10.7380326626925,53.8517587668149,5604,1,0,3,0,2018,9,18,5,3,0,7,0,1,0,0,0,0,0,0,614326.3064,5968428.8599,40
10.6864340829689,53.8388482363371,5625,1,0,3,0,2018,9,18,3,3,2,6,0,0,1,0,0,0,0,0,610966.6402,5966910.7328,40