X,Y,OBJECTID,ULAND,UREGBEZ,UKREIS,UGEMEINDE,UJAHR,UMONAT,USTUNDE,UWOCHENTAG,UKATEGORIE,UART,UTYP1,ULICHTVERH,IstRad,IstPKW,IstFuss,IstKrad,IstGkfz,IstSonstig,STRZUSTAND,LINREFX,LINREFY,weight
10.8206717233634,53.925563893523,7709,1,0,3,0,2018,10,14,1,3,5,2,0,1,1,0,0,0,0,0,619550.8513,5976775.3851,40
10.691587400187,53.8841642016953,7731,1,0,3,0,2018,10,14,6,3,3,6,0,0,1,0,0,0,0,1,611185.4656,5971959.8962,40
10.6642041471994,53.8804246983702,7740,1,0,3,0,2018,12,17,2,3,5,3,2,0,1,0,0,0,0,1,609395.525,5971501.311,40
10.6939234640834,53.8831203262816,7742,1,0,3,0,2018,10,12,1,2,0,1,0,1,0,0,0,0,0,0,611341.7721,5971847.4372,70
10.6601609308889,53.8861589618684,7750,1,0,3,0,2018,10,11,5,3,2,2,0,0,1,0,0,0,0,0,609114.8337,5972132.9843,40
10.6918466496926,53.8583434738025,7755,1,0,3,0,2018,12,1,3,3,5,3,2,1,1,0,0,0,0,1,611271.03,5969087.919,40
10.7095310311773,53.8727615296016,7775,1,0,3,0,2018,10,17,1,3,5,2,0,1,1,0,0,0,0,0,612395.348,5970719.7111,40
10.6743867297126,53.8661972641137,7777,1,0,3,0,2018,11,11,2,2,3,6,0,1,0,0,0,1,0,0,610102.183,5969934.355,70
10.8031822536832,53.9056674144282,7783,1,0,3,0,2018,11,19,1,3,1,5,2,0,1,0,0,0,0,0,618458.8677,5974532.6991,40
10.674983024441,53.8661418802252,7789,1,0,3,0,2018,12,15,4,3,5,3,0,1,1,0,0,0,0,0,610141.5355,5969929.1197,40
10.711652701132,53.8707119012659,7790,1,0,3,0,2018,11,15,7,3,1,5,0,0,1,0,0,0,1,1,612540.3306,5970495.0688,40
10.6625653690518,53.8692402534962,7794,1,0,3,0,2018,11,8,7,2,5,3,0,1,1,0,0,0,0,0,609316.98,5970254.583,70
10.6745516816256,53.8660625491539,7817,1,0,3,0,2018,10,8,1,3,5,3,0,0,1,0,1,0,0,1,610113.3826,5969919.6249,40
10.6624170170477,53.8692482273703,7825,1,0,3,0,2018,11,18,2,3,5,3,2,1,1,0,0,0,0,0,609307.2056,5970255.2414,40
10.6655932346336,53.8845686609095,7827,1,0,3,0,2018,10,15,7,3,3,6,0,0,1,0,0,0,0,0,609475.9995,5971964.4456,40
10.662622993462,53.8770292095043,7831,1,0,3,0,2018,12,21,7,3,5,3,2,0,1,0,0,0,0,0,609300.4541,5971121.1454,40
10.6642041471994,53.8804246983702,7833,1,0,3,0,2018,12,16,6,3,5,3,0,0,1,0,0,0,0,0,609395.525,5971501.311,40
10.6631704994403,53.8166759410127,7845,1,0,3,0,2018,12,2,5,3,8,7,2,0,1,0,0,1,1,1,609493.8507,5964408.0861,40
10.8727741184385,53.9545243633614,7859,1,0,3,0,2018,11,16,5,3,1,7,2,0,1,0,0,0,1,1,622886.5294,5980086.1285,40
10.6842851414081,53.8967889349066,7869,1,0,3,0,2018,11,15,2,3,0,3,0,0,1,0,1,0,0,1,610672.1781,5973352.8945,40
10.6611335810008,53.8816726786806,7887,1,0,3,0,2018,12,18,1,3,2,3,2,0,1,0,0,0,0,1,609190.448,5971635.409,40
10.7210889529396,53.8250249808425,7896,1,0,3,0,2018,12,8,4,3,5,3,0,1,1,0,0,0,0,2,613284.011,5965427.76,40
10.7354362494671,53.9168308703047,7907,1,0,55,35,2018,11,11,6,3,3,2,0,0,1,0,0,1,0,0,613978.3564,5975663.4803,40
10.6274653740685,53.8647300177752,7939,1,0,3,0,2018,11,7,3,3,3,6,0,0,1,0,0,1,0,0,607020.7898,5969699.3165,40
10.6754459588195,53.8485731256898,7954,1,0,3,0,2018,10,19,3,3,3,6,2,0,1,0,1,0,0,1,610218.1394,5967975.4311,40
10.7223352082238,53.8738042564825,7957,1,0,3,0,2018,10,11,1,2,5,3,0,0,1,0,1,0,0,0,613234.2812,5970856.0749,70
10.6624311071635,53.869438807734,7965,1,0,3,0,2018,11,12,5,3,0,1,0,0,0,0,1,0,0,1,609307.635,5970276.464,40
10.6733194341692,53.8613334478488,7975,1,0,3,0,2018,11,7,6,3,2,2,1,0,1,0,0,0,0,0,610044.7727,5969391.6307,40
10.6733467758034,53.8676460033219,7979,1,0,3,0,2018,12,7,4,3,3,6,0,1,0,0,0,0,0,0,610030.0024,5970093.9041,40
10.8036019567923,53.9138141719971,7981,1,0,3,0,2018,11,14,5,3,5,3,0,1,1,0,0,0,0,0,618463.3762,5975439.6618,40
10.6657812638096,53.8738467954247,7982,1,0,3,0,2018,12,8,6,3,2,2,0,0,1,0,0,0,0,1,609516.3764,5970771.9936,40
10.6642989379545,53.8754167758417,7984,1,0,3,0,2018,11,17,3,2,5,2,2,1,1,0,0,0,0,0,609414.8307,5970944.3563,70
10.6726368035166,53.8949694491285,8019,1,0,3,0,2018,12,14,1,2,2,6,0,0,1,0,0,0,0,0,609911.623,5973132.3678,70
10.8012271983993,53.9137432862466,8025,1,0,3,0,2018,12,14,3,3,6,3,0,0,1,1,0,0,0,0,618307.6145,5975427.8101,40
10.6750084967469,53.86618101998,8029,1,0,3,0,2018,10,15,3,3,5,2,0,0,1,0,0,0,0,0,610143.1075,5969933.5133,40
10.7345177334866,53.8569526640233,8030,1,0,3,0,2018,12,14,5,3,5,3,0,1,1,0,0,0,0,1,614080.99,5969000.982,40
10.7080917561869,53.8738723913785,8031,1,0,3,0,2018,11,9,2,3,2,6,0,0,1,0,0,0,0,1,612297.753,5970841.0068,40
10.6676148769664,53.8932801507343,8048,1,0,3,0,2018,12,12,4,3,5,3,0,0,1,0,1,0,0,1,609586.073,5972936.67,40
10.6945127673813,53.8759505069555,8051,1,0,3,0,2018,11,16,5,3,5,3,2,1,1,0,0,0,0,0,611399.5637,5971050.7674,40
10.6759823910122,53.8486097640318,8055,1,0,3,0,2018,10,10,3,2,5,3,0,0,1,0,0,0,0,1,610253.3289,5967980.3404,70
10.6404281892309,53.8427373905405,8068,1,0,3,0,2018,10,15,5,3,2,2,0,0,1,0,0,0,0,0,607929.7226,5967272.4071,40
10.7467581287041,53.8580145064953,8073,1,0,3,0,2018,12,12,2,2,6,4,0,0,1,1,0,0,0,1,614883.0687,5969138.8586,70
10.6745182272145,53.8603666486561,8079,1,0,3,0,2018,12,16,4,3,3,7,2,0,1,0,0,0,0,1,610126.1429,5969285.9411,40
10.6595123502133,53.8738233112421,8086,1,0,3,0,2018,10,8,5,3,1,5,1,0,1,0,0,0,0,1,609104.3245,5970759.7189,40
10.833969518792,53.9395865050308,8090,1,0,3,0,2018,12,23,1,2,2,6,2,0,1,0,0,0,0,1,620383.5602,5978357.7987,70
10.8599241241294,53.9622764771286,8130,1,0,3,0,2018,12,10,5,3,5,3,0,0,1,0,0,0,0,1,622020.7943,5980926.2739,40
10.6747618053805,53.8660449990966,8136,1,0,3,0,2018,10,17,7,3,5,3,0,1,1,0,0,0,0,0,610127.2446,5969917.9988,40
10.6913999485824,53.8585614784834,8160,1,0,3,0,2018,11,19,6,3,5,2,2,1,1,0,0,0,0,0,611241.0752,5969111.4699,40
10.6929580240168,53.8592798148773,8188,1,0,3,0,2018,12,8,3,3,3,6,1,0,1,0,0,0,0,1,611341.6313,5969193.8244,40
10.6973418451872,53.8552362793975,8208,1,0,3,0,2018,12,20,4,2,0,1,2,1,0,0,0,0,0,1,611640.6828,5968750.8994,70
10.6722389768758,53.8685731655926,8221,1,0,3,0,2018,12,8,4,3,0,1,0,1,0,0,0,0,0,2,609954.734,5970195.327,40
10.679036776956,53.8994927075325,8228,1,0,3,0,2018,10,12,1,3,2,6,0,0,1,0,0,0,0,0,610320.2214,5973645.4933,40
10.6681605761505,53.8767511956708,118782,1,0,3,0,2018,1,7,5,3,5,3,1,1,1,0,0,0,0,1,609665.1898,5971098.7669,40
10.6889203144363,53.8557766664371,118817,1,0,3,0,2018,1,7,6,3,5,3,2,1,1,0,0,0,0,1,611085.3839,5968797.7929,40
10.6839287955485,53.8867876345978,118870,1,0,3,0,2018,1,4,1,2,0,7,2,1,0,0,0,0,0,0,610675.1904,5972239.7555,70
10.6793526323382,53.8723762054903,118892,1,0,3,0,2018,1,8,2,3,9,7,0,0,1,0,0,0,0,1,610412.4193,5970629.4422,40
10.8040110744588,53.9092658566563,119172,1,0,3,0,2018,1,17,3,3,1,5,2,1,1,0,0,0,0,1,618503.123,5974934.382,40
10.6915301568797,53.8655823925912,119209,1,0,3,0,2018,1,19,6,3,3,6,2,1,0,0,0,0,0,1,611231.0109,5969892.7029,40
10.8695201704543,53.9568600125359,119482,1,0,3,0,2018,1,16,3,3,5,3,1,1,1,0,0,0,0,0,622666.1799,5980340.3102,40
10.6717132095623,53.8727478297879,119753,1,0,3,0,2018,1,18,1,3,5,3,2,0,1,0,0,0,0,0,609909.219,5970658.917,40
10.6700620171805,53.8661955833417,119787,1,0,3,0,2018,2,15,2,3,1,5,0,1,1,0,0,0,0,0,609817.833,5969927.4634,40
10.819723730253,53.9234385507079,119808,1,0,3,0,2018,2,9,6,3,0,4,0,1,0,1,0,0,0,0,619494.6807,5976537.3592,40
10.6901814205658,53.8306358709451,119815,1,0,3,0,2018,2,7,3,3,2,6,0,0,1,0,0,0,0,2,611234.9549,5966003.034,40
10.6059481525013,53.8593535513335,119816,1,0,3,0,2018,2,6,5,3,0,1,2,1,0,0,0,0,0,2,605619.4907,5969068.9625,40
10.6982279531316,53.8713485594714,119827,1,0,3,0,2018,2,17,6,3,5,2,1,1,1,0,0,0,0,0,611656.0429,5970544.674,40
10.7101716992536,53.8913015209479,119828,1,0,3,0,2018,1,19,4,3,6,7,2,0,1,1,0,0,0,1,612387.7223,5972783.1744,40
10.8707569212315,53.9583715469375,119830,1,0,3,0,2018,1,13,4,3,6,2,0,0,1,1,0,0,0,1,622742.8781,5980510.5977,40
10.703488538775,53.8826644071926,119843,1,0,3,0,2018,2,10,2,3,5,3,0,0,1,0,0,0,0,0,611971.6477,5971811.7801,40
10.7216450661741,53.8656508956487,119895,1,0,3,0,2018,1,15,5,3,5,3,0,1,1,0,0,0,0,0,613210.9313,5969947.9707,40
10.6780947204242,53.8998117670316,119900,1,0,3,0,2018,2,10,4,3,6,2,0,0,1,1,0,0,0,0,610257.4893,5973679.5213,40
10.6962938235483,53.8788606739092,119909,1,0,3,0,2018,2,9,3,3,0,1,0,1,0,0,0,0,0,2,611508.8981,5971377.3033,40
10.7277365889741,53.8667976839594,119919,1,0,3,0,2018,2,7,6,3,0,1,0,1,0,0,0,0,0,2,613608.3494,5970085.2826,40
10.6898270947822,53.8502823892349,119926,1,0,3,0,2018,2,8,5,2,6,2,0,0,1,1,0,0,0,0,611159.5808,5968188.0131,70
10.6654710037508,53.8635970418751,119949,1,0,3,0,2018,1,23,6,3,1,5,2,1,1,0,0,0,0,1,609522.757,5969631.2936,40
10.6529486831451,53.8516246158867,119970,1,0,3,0,2018,2,16,4,3,5,3,0,1,1,0,0,0,0,0,608730.386,5968280.173,40
10.691078691135,53.8886015590836,119974,1,0,3,0,2018,1,7,5,3,5,3,1,0,1,0,0,1,0,1,611140.2586,5972452.7263,40
10.6745797194563,53.8746271403779,119981,1,0,3,0,2018,2,18,4,3,6,7,2,0,1,1,0,0,0,1,610092.7288,5970872.4245,40
10.7453410555769,53.8976279191909,119993,1,0,3,0,2018,1,14,4,3,5,3,0,1,1,0,0,0,0,0,614681.4128,5973543.2592,40
10.624476866418,53.859176290558,120010,1,0,3,0,2018,2,13,4,3,4,7,0,0,1,0,0,0,0,1,606838.4343,5969076.9909,40
10.6976411514373,53.8800001001656,120012,1,0,3,0,2018,1,16,3,3,5,3,1,1,1,0,0,0,0,1,611594.4246,5971506.1763,40
10.6955025061409,53.8805094608713,120044,1,0,3,0,2018,3,7,4,3,0,7,0,1,0,0,0,0,0,2,611452.4984,5971559.476,40
10.6609975070832,53.8817037186523,120054,1,0,3,0,2018,4,10,4,3,2,3,0,0,1,0,0,0,0,0,609181.4234,5971638.6525,40
10.6674229225218,53.890601594072,120068,1,0,3,0,2018,3,13,1,3,0,1,0,0,1,0,1,0,0,0,609580.4678,5972638.3997,40
10.8755824094154,53.9690377784973,120072,1,0,3,0,2018,3,16,6,3,5,3,0,0,1,0,0,0,0,0,623028.0303,5981705.4968,40
10.6960728528214,53.8472435103674,120075,1,0,3,0,2018,3,10,3,3,1,5,0,0,1,0,0,0,1,2,611578.4833,5967859.7641,40
10.6773312719797,53.8664810176468,120076,1,0,3,0,2018,3,14,6,3,5,2,0,1,1,0,0,0,0,0,610295.0431,5969970.4956,40
10.6791860339234,53.861213213903,120079,1,0,3,0,2018,3,11,3,3,2,6,0,0,1,0,0,0,1,0,610430.869,5969387.3729,40
10.7334001584532,53.8554768118466,120083,1,0,3,0,2018,3,15,3,3,0,7,0,1,0,0,0,0,0,0,614011.505,5968835.008,40
10.7198293229222,53.8651023822188,120086,1,0,3,0,2018,3,7,4,3,5,2,0,1,1,0,0,0,0,1,613093.0233,5969884.0559,40
10.7085657044245,53.8627830524765,120099,1,0,3,0,2018,3,8,2,3,0,1,0,1,0,0,0,0,0,2,612358.6296,5969608.1462,40
10.6275334255629,53.8412635364786,120130,1,0,3,0,2018,3,16,6,3,1,5,0,0,1,0,1,0,0,0,607085.1601,5967088.9112,40
10.6958562237802,53.8738096382397,120139,1,0,3,0,2018,3,7,6,2,2,6,0,0,1,0,0,0,0,0,611493.5719,5970814.7212,70
10.6990610026265,53.8808800244971,120148,1,0,3,0,2018,4,10,5,3,2,6,0,0,1,0,0,0,0,1,611685.4047,5971606.2973,40
10.7345019375131,53.8584696214657,120172,1,0,3,0,2018,2,15,4,3,4,1,0,0,1,0,0,0,0,2,614075.8245,5969169.7065,40
10.7208068146654,53.865170850276,120184,1,0,3,0,2018,3,13,6,3,6,7,0,0,1,1,0,0,0,0,613157.1108,5969893.2315,40
10.6968564026965,53.8575276092171,120197,1,0,3,0,2018,3,9,5,3,2,1,0,0,1,0,0,0,0,2,611602.6584,5969005.0299,40
10.6888170105295,53.8524632872823,120215,1,0,3,0,2018,4,9,4,3,4,6,0,1,1,0,0,0,0,0,611087.3656,5968429.0406,40
10.6309624499481,53.8395993454615,120233,1,0,3,0,2018,4,15,6,3,5,2,0,1,1,0,0,0,0,0,607315.0136,5966908.961,40
10.6309593259884,53.8545430445474,120237,1,0,3,0,2018,2,15,2,3,2,6,0,0,1,0,0,0,1,2,607276.5885,5968571.3525,40
10.6840858490914,53.8696339166169,120250,1,0,3,0,2018,3,20,4,3,2,6,2,1,1,0,0,0,0,1,610730.8313,5970331.7596,40
10.7218734434715,53.8645971109756,120253,1,0,3,0,2018,3,8,4,3,2,2,0,0,1,0,0,0,0,0,613228.7935,5969831.1094,40
10.7012560983863,53.8429824932909,120254,1,0,3,0,2018,3,10,4,3,5,2,0,1,1,0,0,0,0,0,611930.8073,5967393.9214,40
10.6924676655394,53.8752718879201,120255,1,0,3,0,2018,2,7,1,3,3,6,0,1,1,0,0,0,0,2,611266.9296,5970972.065,40
10.8171497556584,53.9203086674321,120320,1,0,3,0,2018,4,15,3,3,6,4,0,0,1,1,0,0,0,0,619334.6021,5976184.8483,40
10.6892159424225,53.8862618314974,120326,1,0,3,0,2018,5,15,4,3,5,2,0,1,1,0,0,0,0,0,611024.0478,5972189.5284,40
10.8196082202812,53.9214644959107,120335,1,0,3,0,2018,4,15,1,3,1,5,0,0,1,0,0,0,0,0,619492.7348,5976317.5669,40
10.6848095697209,53.8642485915699,120347,1,0,3,0,2018,4,14,2,3,6,4,0,0,1,1,0,0,0,0,610792.6446,5969733.808,40
10.688020227966,53.8703428971837,120366,1,0,3,0,2018,4,10,1,3,0,1,0,1,0,0,0,0,0,0,610987.6218,5970416.7787,40
10.8099782445075,53.9149717331916,120368,1,0,3,0,2018,5,15,6,3,5,3,0,1,1,0,0,0,0,0,618878.8497,5975579.1064,40
10.8813614638071,53.9537602475935,120394,1,0,3,0,2018,4,11,7,3,5,3,0,0,1,0,0,0,0,0,623452.204,5980016.057,40
10.6900343621341,53.8604174494707,120414,1,0,3,0,2018,4,15,6,3,3,6,0,1,0,0,0,0,0,0,611146.3508,5969315.7933,40
10.6943515237441,53.8472439701857,120428,1,0,3,0,2018,5,11,4,3,0,7,0,1,0,0,0,0,0,0,611465.2521,5967857.1094,40
10.6773308980398,53.8664753973768,120443,1,0,3,0,2018,4,15,5,3,5,2,0,1,1,0,0,0,0,0,610295.0333,5969969.8698,40
10.6814491472222,53.8872209710973,120468,1,0,3,0,2018,5,21,2,3,6,4,1,0,1,1,0,0,0,0,610511.0881,5972284.0941,40
10.6269901094271,53.8379522552718,120477,1,0,3,0,2018,4,17,3,2,1,5,0,1,1,0,0,0,0,0,607057.8624,5966719.7315,70
10.8621903665819,53.9680928528641,120478,1,0,3,0,2018,4,18,3,3,3,6,0,1,1,0,0,0,0,0,622152.4442,5981577.2039,40
10.6813679378703,53.8869366600248,120504,1,0,3,0,2018,5,16,4,3,5,3,0,0,1,0,0,0,0,0,610506.5012,5972252.3397,40
10.6906877453894,53.8730536347969,120507,1,0,3,0,2018,4,13,2,3,3,2,0,1,1,0,0,0,0,0,611155.8069,5970722.5079,40
10.6923902603219,53.8922260676808,120510,1,0,3,0,2018,4,20,5,3,5,3,0,1,1,0,0,0,0,0,611216.8247,5972857.9864,40
10.6921555090149,53.8723174439252,120548,1,0,3,0,2018,5,7,6,3,0,7,0,1,0,0,0,0,0,0,611254.252,5970642.913,40
10.7394574846674,53.8524126063549,120560,1,0,3,0,2018,5,13,4,3,2,7,0,1,1,0,0,0,0,0,614418.2376,5968503.8916,40
10.6402369214163,53.8438790471051,120562,1,0,3,0,2018,4,18,2,2,5,3,0,1,1,0,0,0,0,0,607914.2031,5967399.1183,70
10.8781388729515,53.9686550188673,120576,1,0,3,0,2018,4,11,2,3,1,5,0,0,1,0,0,0,0,0,623196.8311,5981667.3614,40
10.7104351782259,53.8624079812492,120606,1,0,3,0,2018,5,13,4,3,6,4,0,0,1,1,0,0,0,0,612482.565,5969569.3852,40
10.7161723292704,53.8633588738312,120607,1,0,3,0,2018,5,9,5,3,4,6,0,0,1,0,0,0,0,0,612857.2608,5969684.2784,40
10.7386299455129,53.8574596892103,120608,1,0,3,0,2018,5,15,4,3,6,4,0,0,1,1,0,0,0,0,614350.0466,5969064.0059,40
10.7000612847483,53.8300542664947,120622,1,0,3,0,2018,5,14,4,3,1,5,0,0,1,0,0,0,1,0,611886.6654,5965953.8676,40
10.8121655275,53.9127960217056,120642,1,0,3,0,2018,5,9,3,3,5,3,0,0,1,0,0,0,0,0,619028.6835,5975340.7468,40
10.7230061861342,53.8893846909722,120643,1,0,3,0,2018,5,18,3,3,5,2,0,0,1,0,1,0,0,0,613236.2739,5972590.36,40
10.8780704276352,53.9619431614147,120651,1,0,3,0,2018,5,13,3,3,5,3,0,1,1,0,0,0,0,0,623212.1399,5980920.6055,40
10.6847109389537,53.8696249363103,120659,1,0,3,0,2018,5,13,6,3,2,2,0,0,1,0,0,0,0,0,610771.9519,5970331.7367,40
10.6849902306927,53.8845613294161,120689,1,0,3,0,2018,5,8,2,3,4,6,0,1,0,0,0,0,0,0,610750.832,5971993.7503,40
10.6803267767814,53.868457211224,120694,1,0,3,0,2018,5,17,2,3,2,2,0,0,1,0,0,0,0,0,610486.7905,5970194.9965,40
10.6894566509535,53.8648573565322,120722,1,0,3,0,2018,5,14,5,3,0,7,0,1,0,0,0,0,0,0,611096.5954,5969808.7978,40
10.6868028561035,53.8654475582899,120748,1,0,3,0,2018,5,19,7,2,3,6,0,1,0,0,0,0,0,0,610920.5389,5969870.3004,70
10.7289350140552,53.8613391623641,120803,1,0,3,0,2018,5,15,5,3,5,3,0,0,1,0,0,0,0,0,613701.948,5969479.983,40
10.6809551403447,53.866259066241,120809,1,0,3,0,2018,5,7,4,3,2,2,0,0,1,0,0,0,0,0,610533.8996,5969951.4463,40
10.7202666177354,53.85989610488,120817,1,0,3,0,2018,5,11,6,3,0,3,0,1,1,0,0,0,0,0,613135.824,5969305.593,40
10.8031518013812,53.9055215951457,120821,1,0,3,0,2018,5,22,4,3,5,3,2,0,1,0,0,0,0,0,618457.28,5974516.427,40
10.6571112931449,53.8814118759718,120842,1,0,3,0,2018,5,11,5,3,5,3,0,1,1,0,0,0,0,0,608926.7535,5971600.2104,40
10.715109629298,53.8623837134574,120856,1,0,3,0,2018,5,10,3,3,3,6,0,1,0,0,0,1,0,0,612790.0062,5969574.1085,40
10.6950377344261,53.8777945391343,120877,1,0,3,0,2018,6,14,2,3,5,3,0,1,1,0,0,0,0,0,611429.1692,5971256.7285,40
10.6927597749039,53.8932461070685,120888,1,0,3,0,2018,6,14,4,2,0,7,0,1,0,0,0,0,0,1,611238.3962,5972972.039,70
10.7084032746961,53.8628018481713,120896,1,0,3,0,2018,6,8,3,3,1,5,0,1,1,0,0,0,0,0,612347.8985,5969609.9798,40
10.6150321447333,53.8676736706874,120908,1,0,3,0,2018,6,5,5,3,5,2,0,0,1,0,0,0,0,0,606195.8,5970008.094,40
10.700541328935,53.8384053822491,120930,1,0,3,0,2018,6,19,2,3,6,6,0,0,1,1,0,0,0,0,611895.9895,5966883.624,40
10.678852500403,53.8664753603379,120933,1,0,3,0,2018,6,17,2,3,4,6,0,1,0,0,0,0,0,0,610395.0796,5969972.2329,40
10.6988475302037,53.847161961238,120941,1,0,3,0,2018,6,14,1,3,5,3,0,0,1,0,0,0,0,0,611761.2203,5967855.0598,40
10.7424615496555,53.8718926860963,120966,1,0,3,0,2018,6,7,2,3,5,3,0,1,1,0,0,0,0,0,614562.5816,5970675.7495,40
10.6817740815169,53.8663017847255,120977,1,0,3,0,2018,6,22,7,3,0,7,2,1,0,0,0,0,0,0,610587.633,5969957.475,40
10.685833386369,53.8640489553142,120996,1,0,3,0,2018,6,17,2,3,5,5,0,1,1,0,0,0,0,0,610860.4925,5969713.1995,40
10.6285894148782,53.8561743678223,121007,1,0,3,0,2018,6,20,4,3,0,3,0,1,1,0,0,0,0,0,607116.5534,5968749.2464,40
10.7217363648905,53.8677517662409,121011,1,0,3,0,2018,6,10,5,3,6,7,0,0,0,1,0,0,1,0,613211.2606,5970181.823,40
10.668482952809,53.865819744424,121016,1,0,3,0,2018,6,19,3,3,2,2,0,1,1,0,0,0,0,0,609714.9914,5969883.21,40
10.8684957824277,53.9574330204527,121035,1,0,3,0,2018,6,22,6,3,6,6,1,1,0,1,0,0,0,0,622597.2919,5980402.2792,40
10.6821296817587,53.8081413008919,121038,1,0,3,0,2018,6,15,7,3,1,5,0,1,1,0,0,0,0,0,610764.4124,5963488.0876,40
10.6869867104276,53.8688784787674,121064,1,0,3,0,2018,6,15,4,3,6,4,0,1,0,1,0,0,0,0,610923.549,5970252.255,40
10.6859338333151,53.8696028348549,121092,1,0,3,0,2018,6,23,6,3,1,5,2,1,0,0,0,0,1,0,610852.4102,5970331.1887,40
10.6220821230844,53.8284238346841,121097,1,0,3,0,2018,5,16,5,3,8,1,0,0,0,0,1,0,0,0,606759.1699,5965652.359,40
10.6809630777457,53.8662594800211,121098,1,0,3,0,2018,6,10,3,3,0,7,0,1,0,0,0,0,0,0,610534.4204,5969951.5047,40
10.6797749863269,53.8593118960461,121102,1,0,3,0,2018,5,20,5,2,6,4,1,0,1,1,0,0,0,0,610474.607,5969176.781,70
10.7360841002566,53.8489212250237,121105,1,0,3,0,2018,5,12,5,3,0,7,0,0,1,0,0,0,0,0,614205.869,5968110.067,40
10.7396235296836,53.8505109033428,121107,1,0,3,0,2018,5,9,5,3,0,1,0,1,1,0,0,0,0,0,614434.3469,5968292.6099,40
10.6299622813662,53.8545887431765,121109,1,0,3,0,2018,5,11,5,3,6,4,0,0,1,1,0,0,0,0,607210.8963,5968574.9289,40
10.6647267581599,53.87386219898,121115,1,0,3,0,2018,5,20,5,3,5,3,0,1,1,0,0,0,0,0,609447.0139,5970772.0793,40
10.7404538798296,53.8466117589136,121118,1,0,3,0,2018,6,19,4,3,5,3,0,1,1,0,0,0,0,0,614499.6054,5967860.2007,40
10.8627429991529,53.9882433038339,121125,1,0,3,0,2018,6,14,4,3,5,7,0,1,0,0,0,0,1,0,622129.7285,5983819.7331,40
10.6787039446003,53.8907070079381,121149,1,0,3,0,2018,6,12,2,2,0,1,0,1,0,0,0,0,0,0,610321.4971,5972667.6194,70
10.6707264133193,53.8620184675162,121157,1,0,3,0,2018,6,21,3,3,5,3,1,1,1,0,0,0,0,1,609872.464,5969463.815,40
10.6865373464954,53.8288891966061,121159,1,0,3,0,2018,6,12,7,3,2,2,0,0,1,0,0,0,0,0,610999.769,5965803.023,40
10.6716599267913,53.8671600727306,121163,1,0,3,0,2018,5,7,4,2,5,3,0,1,1,0,0,0,0,0,609920.3683,5970037.2319,70
10.6931205135146,53.8470777789608,121205,1,0,3,0,2018,7,7,6,3,3,6,0,1,1,0,0,0,0,0,611384.7168,5967836.6884,40
10.6614206754271,53.8600614423818,121206,1,0,3,0,2018,6,11,5,3,5,3,0,0,1,0,0,0,0,0,609265.64,5969231.734,40
10.7127112185581,53.8612269819952,121207,1,0,3,0,2018,6,8,5,3,5,3,0,1,0,0,0,0,0,0,612635.4022,5969441.6193,40
10.8707819380449,53.9582669200993,121230,1,0,3,0,2018,7,18,1,3,3,7,0,1,0,0,0,0,1,0,622744.8267,5980499.0022,40
10.6823126535124,53.8663341987419,121245,1,0,3,0,2018,6,15,4,3,0,1,0,1,0,0,0,0,0,0,610622.959,5969961.9207,40
10.6927894420357,53.8434174395114,121248,1,0,3,0,2018,7,7,3,3,5,2,0,1,1,0,0,0,0,0,611372.655,5967428.982,40
10.6657102937478,53.8687090852404,121249,1,0,3,0,2018,6,16,4,3,3,2,0,1,0,0,0,0,0,0,609525.1352,5970200.3457,40
10.8820602114764,53.973492740823,121252,1,0,3,0,2018,7,12,1,3,6,7,0,0,1,1,0,0,0,0,623439.7223,5982212.3442,40
10.8212093593139,53.9123667243654,121266,1,0,3,0,2018,7,10,5,3,5,3,0,1,0,0,0,0,1,0,619623.8767,5975308.2155,40
10.6773836313511,53.8672658929323,121288,1,0,3,0,2018,7,1,7,3,4,6,2,1,0,0,0,0,0,0,610296.4207,5970057.8893,40
10.6785513477371,53.8727321437709,121300,1,0,3,0,2018,7,16,7,3,4,6,0,1,0,0,0,0,0,0,610358.8046,5970667.7909,40
10.6864877135372,53.863396278775,121310,1,0,3,0,2018,6,17,2,3,1,5,0,1,1,0,0,0,0,0,610905.2438,5969641.6165,40