X,Y,OBJECTID,ULAND,UREGBEZ,UKREIS,UGEMEINDE,UJAHR,UMONAT,USTUNDE,UWOCHENTAG,UKATEGORIE,UART,UTYP1,ULICHTVERH,IstRad,IstPKW,IstFuss,IstKrad,IstGkfz,IstSonstig,STRZUSTAND,LINREFX,LINREFY,weight
10.6813450125372,53.8662794031937,121323,1,0,3,0,2018,7,8,3,3,3,6,0,1,0,0,0,0,0,0,610559.4804,5969954.3163,40
10.6520701946675,53.8601874345937,121337,1,0,3,0,2018,7,19,1,3,0,7,0,1,0,0,0,0,0,0,608650.4181,5969231.387,40
10.6780555360932,53.8998319545144,121340,1,0,3,0,2018,7,13,7,3,5,2,0,1,1,0,0,0,0,0,610254.8618,5973681.7061,40
10.6796388069012,53.8664759982962,121348,1,0,3,0,2018,6,2,7,3,4,6,2,1,0,0,0,0,0,0,610446.778,5969973.528,40
10.6989698758175,53.8676313706198,121350,1,0,3,0,2018,6,13,1,3,3,6,0,0,1,0,1,0,0,0,611714.7253,5970132.3304,40
10.654132542208,53.8539608952478,121364,1,0,3,0,2018,6,17,7,3,5,2,0,0,1,0,0,0,0,1,608802.1927,5968541.8844,40
10.6613706396853,53.8712487950226,121366,1,0,3,0,2018,6,17,7,3,5,3,0,1,1,0,0,0,0,0,609233.1965,5970476.1801,40
10.6355832242419,53.8430233007883,121379,1,0,3,0,2018,7,7,2,3,5,2,0,0,1,0,0,0,0,0,607610.2478,5967296.8535,40
10.6876909706139,53.8696758048912,121393,1,0,3,0,2018,6,8,6,3,2,6,0,1,1,0,0,0,0,0,610967.741,5970342.0539,40
10.6901014199218,53.8603471370535,121410,1,0,3,0,2018,6,14,7,3,0,7,0,1,0,0,0,0,0,0,611150.9469,5969308.0766,40
10.6797720417747,53.8593219019123,121428,1,0,3,0,2018,8,17,4,2,0,7,0,1,1,0,0,0,0,0,610474.387,5969177.8895,70
10.7079953161539,53.8911440499127,121433,1,0,3,0,2018,7,16,5,2,5,2,0,1,1,0,0,0,0,0,612245.1314,5972762.2093,70
10.6828809034664,53.869649369598,121443,1,0,3,0,2018,7,2,7,3,2,6,2,1,1,0,0,0,0,0,610651.5707,5970331.5981,40
10.6818212016903,53.866305154193,121444,1,0,3,0,2018,7,18,1,2,0,1,0,1,0,0,0,0,0,0,610590.7223,5969957.9233,70
10.7388757602497,53.9009380576969,121461,1,0,3,0,2018,7,15,6,3,8,1,0,0,0,0,1,0,0,0,614247.6041,5973901.0503,40
10.6711330467714,53.8555087917919,121464,1,0,3,0,2018,7,17,3,3,3,6,0,1,0,0,0,0,1,0,609916.265,5968740.286,40
10.7157411170345,53.8624478808572,121471,1,0,3,0,2018,7,19,5,3,5,3,0,1,1,0,0,0,0,0,612831.358,5969582.251,40
10.6109174225627,53.8598549731468,121479,1,0,3,0,2018,8,15,5,3,5,2,0,0,1,0,1,0,0,0,605945.0151,5969132.1534,40
10.6868198086854,53.863045419746,121487,1,0,3,0,2018,7,11,4,3,0,7,0,1,0,0,0,0,0,0,610928.0091,5969603.1051,40
10.6421198314392,53.8551062174454,121501,1,0,3,0,2018,7,17,3,3,0,1,0,1,0,0,0,0,0,0,608009.1612,5968650.9371,40
10.7364820125152,53.9142943180916,121515,1,0,3,0,2018,7,21,6,3,5,2,2,0,1,0,0,0,0,0,614053.946,5975382.988,40
10.870190304964,53.9594389676564,121516,1,0,3,0,2018,7,13,6,3,4,6,0,0,1,0,0,0,0,0,622702.5706,5980628.3576,40
10.6806685046793,53.8566223006371,121518,1,0,3,0,2018,7,13,3,3,5,3,0,1,1,0,0,0,0,0,610540.4559,5968878.9735,40
10.7380556582587,53.8462666485317,121530,1,0,3,0,2018,7,10,6,3,1,5,0,0,1,0,0,0,0,0,614342.7884,5967817.942,40
10.6779261275332,53.8812347499155,121541,1,0,3,0,2018,7,17,4,2,5,2,0,1,1,0,0,0,0,0,610295.3211,5971612.6793,70
10.6260006461176,53.8602527217853,121549,1,0,3,0,2018,7,13,6,2,5,7,0,0,1,0,0,0,0,0,606935.8968,5969199.0338,70
10.6785864950005,53.8869309436048,121566,1,0,3,0,2018,7,6,4,3,1,5,0,1,1,0,0,0,0,0,610323.7242,5972247.3727,40
10.8780760572143,53.9619408871553,121571,1,0,3,0,2018,7,22,6,3,5,3,2,1,1,0,0,0,0,0,623212.5159,5980920.3623,40
10.7426171061731,53.8708216362565,121582,1,0,3,0,2018,7,11,5,3,0,1,0,0,0,0,1,0,0,0,614575.7359,5970556.8546,40
10.6888196487938,53.885988711236,121585,1,0,3,0,2018,7,16,2,2,5,3,0,1,1,0,0,0,0,0,610998.7273,5972158.5251,70
10.6928486170071,53.8429861821306,121608,1,0,3,0,2018,7,19,7,3,0,7,0,1,0,0,0,0,0,0,611377.6927,5967381.1006,40
10.6460044904669,53.8601928360744,121610,1,0,3,0,2018,7,21,2,3,9,1,0,1,0,0,0,0,0,0,608251.5191,5969222.714,40
10.6791534837,53.8613139243933,121631,1,0,3,0,2018,7,13,6,3,5,2,0,1,1,0,0,0,0,0,610428.4633,5969398.5256,40
10.6906323194702,53.8728796547176,121634,1,0,3,0,2018,7,14,3,3,6,4,0,1,0,1,0,0,0,0,611152.6246,5970703.0669,40
10.667458377029,53.8594843812914,121636,1,0,3,0,2018,7,8,2,3,1,5,0,1,1,0,0,0,0,0,609664.193,5969176.857,40
10.8812089144118,53.9702844881829,121647,1,0,3,0,2018,7,16,6,3,5,2,0,1,1,0,0,0,0,0,623393.374,5981853.97,40
10.6790404122875,53.8843515276799,121660,1,0,3,0,2018,7,0,7,3,1,5,2,1,1,0,0,0,0,0,610360.3499,5971961.135,40
10.6575011910575,53.8424545199623,121667,1,0,3,0,2018,7,6,2,3,5,2,0,1,1,0,0,0,0,0,609053.658,5967267.0465,40
10.6951904059996,53.8689875104115,121670,1,0,3,0,2018,7,10,6,3,0,7,0,0,0,0,1,0,0,0,611462.6246,5970277.2454,40
10.6614110333572,53.8600694361181,121672,1,0,3,0,2018,7,16,3,3,5,3,0,1,1,0,0,0,0,0,609264.9851,5969232.6084,40
10.8051181021247,53.9054749061231,121695,1,0,3,0,2018,8,15,6,3,0,3,0,0,1,0,0,0,1,0,618586.5745,5974514.5207,40
10.6929699302894,53.8344853152889,121700,1,0,3,0,2018,8,19,7,3,5,2,0,1,1,0,0,0,0,0,611408.2396,5966435.6312,40
10.6773844361406,53.867277604613,121715,1,0,3,0,2018,8,23,4,3,6,6,2,1,0,1,0,0,0,0,610296.4428,5970059.1934,40
10.6399066143374,53.841456333087,121719,1,0,3,0,2018,8,19,5,2,9,1,0,1,0,0,0,0,0,0,607898.7033,5967129.1042,70
10.7069223647092,53.8871297611007,121722,1,0,3,0,2018,8,9,5,3,3,7,0,0,1,0,0,1,0,0,612185.3771,5972313.9483,40
10.6521781075963,53.8494035847211,121731,1,0,3,0,2018,8,14,4,2,3,6,0,1,1,0,0,0,0,0,608685.4567,5968031.9166,70
10.6866152092448,53.8655022656909,121748,1,0,3,0,2018,8,16,3,3,0,1,0,1,0,0,0,0,0,1,610908.056,5969876.0928,40
10.677255388871,53.8575661033178,121760,1,0,3,0,2018,8,13,2,3,3,6,0,0,1,0,1,0,0,0,610313.5062,5968978.652,40
10.6854827627471,53.8682153494886,121789,1,0,3,0,2018,8,17,7,3,0,1,0,1,0,0,0,0,0,1,610826.4226,5970176.1352,40
10.7230144191548,53.8669721818704,121790,1,0,3,0,2018,8,15,7,3,5,3,0,1,1,0,0,0,0,1,613297.3972,5970097.1407,40
10.6521228466497,53.8689907609102,121799,1,0,3,0,2018,8,17,6,3,5,2,0,1,1,0,0,0,0,1,608631.068,5970210.784,40
10.6287552161408,53.8413278877478,121806,1,0,3,0,2018,8,14,5,3,6,4,0,0,0,1,0,0,1,0,607165.3781,5967097.9146,40
10.7324461840444,53.8526267448487,121807,1,0,3,0,2018,8,22,7,3,5,3,2,1,0,0,0,0,0,0,613956.5084,5968516.4271,40
10.6949823322325,53.8778072010088,121809,1,0,3,0,2018,8,15,5,3,4,6,0,1,0,0,0,0,0,0,611425.4938,5971258.05,40
10.6892774806109,53.8348728639576,121821,1,0,3,0,2018,8,15,4,3,6,6,0,0,1,1,0,0,0,0,611164.2477,5966472.952,40
10.6933294150355,53.881358177074,121837,1,0,3,0,2018,8,7,2,3,5,3,0,1,1,0,0,0,0,1,611307.41,5971650.477,40
10.7963489785582,53.8796527305011,121851,1,0,3,0,2018,8,11,3,3,1,5,0,1,1,0,0,0,0,0,618083.332,5971627.3817,40
10.7076899892285,53.840236593957,121871,1,0,3,0,2018,8,15,3,3,5,3,0,0,1,0,0,0,0,0,612361.4274,5967098.6301,40
10.7089114316931,53.8632197984965,121874,1,0,3,0,2018,8,15,2,3,5,3,0,1,1,0,0,0,0,0,612380.1926,5969657.2788,40
10.6828650215611,53.8696495725555,121878,1,0,3,0,2018,8,17,4,3,0,7,0,1,0,0,0,0,0,0,610650.526,5970331.5959,40
10.882541705244,53.9519475402541,121890,1,0,3,0,2018,8,20,6,2,0,1,1,1,0,0,0,0,0,0,623535,5979816.4666,70
10.7156970716261,53.8652685102264,121896,1,0,3,0,2018,8,14,1,3,1,5,0,1,1,0,0,0,0,0,612820.8712,5969895.9556,40
10.7199506018139,53.8673715603859,121900,1,0,3,0,2018,8,20,5,3,0,1,1,1,0,0,0,0,0,0,613094.8758,5970136.6789,40
10.6667659355019,53.8589471932644,121908,1,0,3,0,2018,8,13,7,3,0,7,0,1,0,0,0,0,0,0,609620.0612,5969116.028,40
10.6740411906424,53.8661788884743,121932,1,0,3,0,2018,8,18,6,2,5,3,0,1,0,0,0,0,1,0,610079.5117,5969931.7745,70
10.6908112329309,53.8645960089956,121935,1,0,3,0,2018,8,14,6,3,4,6,0,1,0,0,0,0,0,0,611186.3563,5969781.8472,40
10.690160032753,53.860285679375,121936,1,0,3,0,2018,8,15,3,3,4,6,0,0,0,0,1,0,1,0,611154.9642,5969301.3317,40
10.6683810623111,53.8632383793547,121955,1,0,3,0,2018,9,16,1,3,5,2,0,1,1,0,0,0,0,0,609715.047,5969595.892,40
10.6816843876767,53.8662971061863,121962,1,0,3,0,2018,9,14,7,2,6,4,0,1,0,1,0,0,0,1,610581.7479,5969956.8147,70
10.6796765917053,53.866048756638,121989,1,0,3,0,2018,9,13,6,3,4,6,0,1,0,0,0,0,0,0,610450.388,5969926.059,40
10.6917998656714,53.850238382382,122005,1,0,3,0,2018,9,14,5,3,5,3,0,0,1,0,0,0,0,0,611289.4582,5968186.2106,40
10.7017082119525,53.883899219618,122015,1,0,3,0,2018,9,9,3,3,5,2,0,1,1,0,0,0,0,0,611851.3392,5971946.3351,40
10.6540333810686,53.8539718161592,122023,1,0,3,0,2018,9,8,5,3,0,3,0,1,1,0,0,0,0,0,608795.6425,5968542.9472,40
10.6608475289016,53.866046158553,122039,1,0,3,0,2018,9,5,4,3,0,6,2,1,1,0,0,0,0,0,609212.3593,5969896.6134,40
10.711881776196,53.8900335118975,122042,1,0,3,0,2018,9,19,3,3,1,5,1,1,1,0,0,0,0,0,612503.4995,5972644.8288,40
10.8052683808914,53.9134678629162,122059,1,0,3,0,2018,9,16,3,3,6,6,0,0,1,1,0,0,0,0,618573.7997,5975403.924,40
10.6773951284591,53.8674333617632,122066,1,0,3,0,2018,9,12,5,3,5,2,0,1,1,0,0,0,0,0,610296.736,5970076.537,40
10.6883431898304,53.8682279255266,122079,1,0,3,0,2018,9,14,3,3,1,5,0,1,1,0,0,0,0,0,611014.4559,5970182.0076,40
10.6895271452377,53.8359804850905,122092,1,0,3,0,2018,9,16,2,3,2,3,0,1,1,0,0,0,0,0,611177.7415,5966596.558,40
10.6950298734463,53.8777963356601,122111,1,0,3,0,2018,9,15,3,3,5,3,0,1,1,0,0,0,0,0,611428.6477,5971256.916,40
10.6904391282497,53.8598898609791,122127,1,0,3,0,2018,9,12,1,3,5,2,0,0,1,0,0,0,0,0,611174.367,5969257.737,40
10.6877220483309,53.8621766444876,122158,1,0,3,0,2018,9,23,6,3,1,1,2,1,1,0,0,0,0,0,610989.6364,5969507.8711,40
10.6865023887929,53.8644341970793,122159,1,0,3,0,2018,9,2,7,3,6,7,2,0,1,1,0,0,0,0,610903.4632,5969757.1009,40
10.6936880889902,53.8648105532652,122173,1,0,3,0,2018,8,7,6,3,1,5,0,0,1,0,0,0,0,0,611374.9493,5969810.2273,40
10.8221859416961,53.9191055317406,122176,1,0,3,0,2018,8,16,6,3,5,2,0,0,1,0,0,0,0,0,619668.7422,5976059.5005,40
10.8668156097393,53.9563431438498,122178,1,0,3,0,2018,8,12,6,3,6,4,0,1,0,1,0,0,0,0,622490.2582,5980278.1333,40
10.6832764659643,53.8663259694968,122189,1,0,3,0,2018,9,11,7,3,0,1,0,1,0,0,0,0,0,0,610686.3521,5969962.5089,40
10.8668935015344,53.9559094777542,122205,1,0,3,0,2018,9,15,4,2,2,7,0,0,1,0,0,0,0,1,622496.6399,5980230.0263,70
10.6984529499754,53.8392155171363,122214,1,0,3,0,2018,8,18,5,3,0,1,1,0,0,0,1,0,0,1,611756.4284,5966970.4541,40
10.8609941055612,53.9636637223032,122217,1,0,3,0,2018,9,8,2,3,5,2,0,0,1,0,0,0,0,0,622086.9285,5981082.4371,40
10.6639171740301,53.8619760357058,122223,1,0,3,0,2018,9,9,3,3,3,6,0,1,1,0,0,0,0,0,609424.8151,5969448.5688,40
10.7219111850196,53.8676172553387,122229,1,0,3,0,2018,10,13,2,3,6,4,0,0,1,1,0,0,0,0,613223.118,5970167.1387,40
10.7761970138456,53.8794710856334,122231,1,0,3,0,2018,10,15,5,3,5,3,0,1,1,0,0,0,0,0,616759.275,5971573.807,40
10.6813076684152,53.8415435947403,122240,1,0,3,0,2018,10,15,4,3,1,5,0,0,1,0,0,0,0,0,610622.2479,5967202.5672,40
10.6428860901482,53.855025520355,122251,1,0,3,0,2018,9,19,6,3,6,3,2,0,1,1,0,0,0,0,608059.765,5968643.127,40
10.6781629547943,53.8714825021655,122258,1,0,3,0,2018,10,7,6,3,5,3,1,1,1,0,0,0,0,0,610336.561,5970528.172,40
10.6775732371656,53.8660496198984,122278,1,0,3,0,2018,10,20,5,3,2,6,2,0,1,0,0,0,0,0,610312.0876,5969922.8817,40
10.6871323831226,53.8912662838594,122309,1,0,3,0,2018,9,13,4,3,5,3,0,0,1,0,0,0,0,0,610873.8702,5972742.982,40
10.7069773339704,53.8629638434581,122312,1,0,3,0,2018,10,13,6,3,0,1,0,1,1,0,0,0,0,0,612253.7006,5969625.743,40
10.6804736924588,53.87036644041,122330,1,0,3,0,2018,9,23,7,3,6,2,2,1,0,1,0,0,0,0,610491.4171,5970407.6147,40
10.6728619987371,53.8630080927962,122340,1,0,3,0,2018,10,17,5,3,5,3,0,0,1,0,0,0,0,0,610010.2984,5969577.2145,40
10.7956757315333,53.8791460078357,122342,1,0,3,0,2018,10,17,4,3,8,6,0,1,0,0,0,0,1,0,618040.5079,5971569.8922,40
10.6808512502133,53.8663050114014,122346,1,0,3,0,2018,9,7,3,3,5,2,0,1,1,0,0,0,0,0,610526.9476,5969956.3955,40
10.6850875535845,53.8651409016646,122350,1,0,3,0,2018,9,13,3,3,6,4,0,1,0,1,0,0,0,0,610808.5647,5969833.5058,40
10.8219243485346,53.922390606548,122377,1,0,3,0,2018,10,11,2,3,0,5,0,0,1,0,0,0,1,0,619642.1695,5976424.4965,40
10.6866303909548,53.8654885170976,122383,1,0,3,0,2018,10,6,4,3,5,3,2,1,0,0,0,0,1,0,610909.0906,5969874.5871,40
10.7213978323374,53.8669471889041,122387,1,0,3,0,2018,9,10,2,3,6,2,0,0,1,1,0,0,0,0,613191.1752,5970091.7793,40
10.6719127913792,53.8761568119277,122392,1,0,3,0,2018,9,7,2,3,6,4,1,0,1,1,0,0,0,0,609913.3988,5971038.4542,40
10.6699144838465,53.8437620431307,122413,1,0,3,0,2018,10,15,3,3,5,7,0,0,1,0,0,0,0,0,609866.8847,5967431.651,40
10.679118932419,53.8851887744442,122418,1,0,3,0,2018,10,10,5,3,5,2,0,0,1,0,0,0,0,0,610363.3048,5972054.3957,40
10.6902377788595,53.8983624414656,122427,1,0,3,0,2018,10,12,4,3,2,6,0,0,1,0,0,0,0,0,611059.1102,5973537.2456,40
10.6607358033858,53.8839230585895,122437,1,0,3,0,2018,10,8,2,3,5,2,0,1,1,0,0,0,0,0,609158.44,5971885.138,40
10.6910364693903,53.8309189063206,122466,1,0,3,0,2018,9,13,6,3,2,2,0,0,1,0,0,0,0,1,611290.4724,5966035.8603,40
10.6912515870511,53.843309660805,122471,1,0,3,0,2018,9,9,6,3,5,3,0,1,1,0,0,0,0,0,611271.7706,5967414.5794,40
10.6700766773421,53.8663166033289,122481,1,0,3,0,2018,10,12,6,2,1,5,0,1,1,0,0,0,0,0,609818.4799,5969940.9488,70
10.6719527345491,53.8659759036612,122497,1,0,3,0,2018,10,9,4,3,5,2,0,0,1,0,0,0,0,0,609942.7258,5969905.9545,40
10.6873512372421,53.8668223750555,122505,1,0,3,0,2018,11,12,5,3,0,7,0,1,0,0,0,0,0,0,610952.9574,5970024.0973,40
10.6769262619413,53.9003010093829,122514,1,0,3,0,2018,11,7,4,3,5,3,1,1,1,0,0,0,0,1,610179.4362,5973732.1301,40
10.7298516347691,53.8763160689534,122517,1,0,3,0,2018,10,9,1,3,5,3,0,0,1,0,0,0,1,1,613721.584,5971147.523,40
10.6695433898651,53.8648112006876,122519,1,0,3,0,2018,11,10,7,3,5,2,0,1,1,0,0,0,0,0,609787.358,5969772.6568,40
10.6791960884745,53.8611821077505,122520,1,0,3,0,2018,11,23,2,2,5,3,2,1,1,0,0,0,0,1,610431.6121,5969383.9282,70
10.6803026699508,53.8724845160803,122523,1,0,3,0,2018,10,11,3,3,0,1,0,0,0,0,1,0,0,1,610474.5905,5970642.9705,40
10.6800999938109,53.8690398965928,122541,1,0,3,0,2018,11,10,6,2,6,7,0,0,0,1,0,0,1,0,610470.3445,5970259.4632,70
10.6631294183518,53.8593931048998,122547,1,0,3,0,2018,11,10,2,3,1,5,0,1,1,0,0,0,0,1,609379.7516,5969160.0192,40
10.6785844453212,53.866035367609,122553,1,0,3,0,2018,10,17,3,3,3,6,2,1,0,0,0,0,0,1,610378.6133,5969922.8694,40
10.6605002374818,53.860840432586,122557,1,0,3,0,2018,10,17,6,3,5,3,0,1,1,0,0,0,0,1,609203.0825,5969316.9743,40
10.6498378415504,53.850833918862,122562,1,0,3,0,2018,11,15,5,3,6,6,0,0,1,1,0,0,0,0,608527.8189,5968187.4495,40
10.6525623690137,53.8685389101545,122567,1,0,3,0,2018,10,8,3,3,1,5,1,1,1,0,0,0,0,1,608661.1365,5970161.1916,40
10.7139859632933,53.867050669622,122580,1,0,3,0,2018,11,7,2,3,5,3,0,1,1,0,0,0,0,1,612703.571,5970091.4877,40
10.698821162837,53.8500980045002,122585,1,0,3,0,2018,10,10,5,2,5,3,0,1,1,0,0,0,0,1,611751.664,5968181.632,70
10.7807362164511,53.8816125010861,122594,1,0,3,0,2018,11,16,3,3,2,6,2,0,1,0,1,0,0,0,617051.6502,5971819.5054,40
10.6540506709205,53.8539699120816,122597,1,0,3,0,2018,11,7,6,3,5,3,0,1,1,0,0,0,0,0,608796.7846,5968542.7619,40
10.6836504457389,53.872340606656,122611,1,0,3,0,2018,11,13,5,3,0,3,0,1,1,0,0,0,0,0,610695.057,5970632.1815,40
10.6875350660804,53.8696211366039,122619,1,0,3,0,2018,10,15,3,3,6,2,0,1,0,1,0,0,0,1,610957.6357,5970335.7285,40
10.6869897211825,53.8654031786076,122662,1,0,3,0,2018,10,13,4,3,3,6,0,1,0,0,1,0,0,0,610932.9431,5969865.6557,40
10.6980426589176,53.8620965689994,122670,1,0,3,0,2018,11,7,2,3,5,3,0,1,1,0,0,0,0,1,611668.5036,5969515.1618,40
10.7807709164194,53.9049519036404,122679,1,0,3,0,2018,10,8,2,3,5,3,0,0,1,0,0,0,0,1,616988.715,5974415.887,40
10.7000291457884,53.8441385266258,122685,1,0,3,0,2018,11,10,5,3,5,2,0,1,1,0,0,0,0,0,611847.0078,5967520.5867,40
10.6968572989601,53.8429283048482,122700,1,0,3,0,2018,11,17,1,3,6,6,2,0,1,1,0,0,0,0,611641.5668,5967380.9626,40
10.7030977618462,53.8383672371356,122710,1,0,3,0,2018,10,12,5,3,6,7,0,0,1,1,0,0,0,0,612064.2902,5966883.4153,40
10.6279479128366,53.861036174137,122735,1,0,3,0,2018,11,11,2,3,2,6,0,0,0,0,0,1,1,1,607061.9503,5969289.1257,40
10.688166094896,53.8617993369398,122739,1,0,3,0,2018,11,12,1,3,2,6,0,1,1,0,0,0,1,0,611019.8347,5969466.5931,40
10.692994908141,53.8639706172232,122743,1,0,3,0,2018,11,7,3,3,6,3,1,0,1,1,0,0,0,0,611331.601,5969715.7019,40
10.6479644767226,53.8560382202506,122745,1,0,3,0,2018,10,13,1,3,5,3,0,1,1,0,0,0,0,0,608391.1473,5968763.5314,40
10.695065467167,53.8777882009984,122750,1,0,3,0,2018,11,5,4,2,5,3,2,1,1,0,0,0,0,0,611431.009,5971256.067,70
10.6926106192572,53.8755824772382,122758,1,0,3,0,2018,11,12,6,3,5,3,0,1,1,0,0,0,0,1,611275.5022,5971006.8403,40
10.6991247348454,53.8504409681752,122760,1,0,3,0,2018,10,15,3,3,0,7,0,0,0,0,1,0,0,0,611770.7179,5968220.2625,40
10.6990529739406,53.8685225842499,122772,1,0,3,0,2018,10,7,5,3,1,5,1,0,1,0,0,0,0,1,611717.8137,5970231.6027,40
10.8579442941775,53.9627374647957,122798,1,0,3,0,2018,10,15,4,3,1,5,0,0,0,0,0,1,1,0,621889.5759,5980974.1465,40
10.7008259150487,53.8393156813315,122813,1,0,3,0,2018,12,6,6,3,5,2,2,1,1,0,0,0,0,0,611912.286,5966985.3369,40
10.6851975628333,53.8659280267778,122817,1,0,3,0,2018,12,22,6,2,6,4,2,0,1,1,0,0,0,1,610813.7175,5969921.2401,70
10.6861428749964,53.8637399240018,122819,1,0,3,0,2018,12,12,6,3,7,7,0,1,0,0,0,1,0,1,610881.66,5969679.3056,40
10.7138746575705,53.8712311965287,122820,1,0,3,0,2018,12,7,2,3,1,5,2,1,1,0,0,0,0,1,612685.0138,5970556.3648,40
10.8067474138176,53.9134318355501,122821,1,0,3,0,2018,12,4,6,3,7,7,2,1,0,0,0,0,0,1,618671.038,5975402.3914,40
10.7207521065709,53.8694366821297,122868,1,0,3,0,2018,12,12,3,3,0,7,0,0,0,0,1,0,0,1,613141.9996,5970367.6871,40
10.7024683991006,53.8507907308634,122877,1,0,3,0,2018,12,13,4,3,5,3,0,1,1,0,0,0,0,0,611989.7152,5968264.4443,40
10.7014143020017,53.837507218391,122878,1,0,3,0,2018,12,18,4,3,5,3,2,1,1,0,0,0,0,0,611955.8223,5966785.087,40
10.685308019408,53.8658938928142,122882,1,0,3,0,2018,12,19,6,3,0,2,2,1,1,0,0,0,0,1,610821.0704,5969917.6155,40
10.6707264133193,53.8620184675162,122892,1,0,3,0,2018,12,8,5,3,5,3,1,1,1,0,0,0,0,0,609872.464,5969463.815,40
10.6872776867091,53.8643721464447,122906,1,0,3,0,2018,12,15,3,3,6,4,0,0,1,1,0,0,0,1,610954.6061,5969751.4107,40
10.6844818224188,53.8688497005053,122929,1,0,3,0,2018,12,20,2,3,0,1,2,1,0,0,0,0,0,1,610758.9369,5970245.139,40
10.6971557848363,53.872631922877,122936,1,0,3,0,2018,12,16,6,2,0,7,2,1,1,0,0,0,0,0,611582.139,5970685.7521,70
10.6646102083525,53.8570708577936,122944,1,0,3,0,2018,12,10,2,2,6,7,0,0,1,1,0,0,0,1,609483.1938,5968903.9685,70
10.6411994449664,53.8437493584888,122950,1,0,3,0,2018,12,16,7,3,6,2,2,0,1,1,0,0,0,1,607977.8578,5967386.1557,40
10.8026763298257,53.9030994005797,122971,1,0,3,0,2018,11,7,6,3,1,5,1,0,1,0,0,0,0,0,618432.8997,5974246.1831,40
10.6980879057764,53.879763866568,122982,1,0,3,0,2018,12,8,2,3,1,5,0,1,1,0,0,0,0,1,611624.4187,5971480.6,40
10.6846989171888,53.8846239679523,123009,1,0,3,0,2018,12,6,6,3,1,5,1,1,1,0,0,0,0,1,610731.5207,5972000.2635,40
10.6282825314694,53.8611652684371,123010,1,0,3,0,2018,11,19,5,3,5,3,2,0,1,0,0,0,0,1,607083.625,5969303.9918,40
10.6894899979375,53.869386696909,123016,1,0,3,0,2018,11,10,5,3,1,5,0,1,0,0,0,1,0,1,611086.785,5970312.7088,40
10.6909510691837,53.8647347220433,123017,1,0,3,0,2018,11,15,5,3,1,5,0,1,1,0,0,0,0,1,611195.1831,5969797.4973,40
10.80788442933,53.9151589278748,123030,1,0,3,0,2018,11,18,4,2,5,3,2,0,1,0,0,0,0,0,618740.8113,5975596.4207,70
10.6810417507808,53.8662635835659,123032,1,0,3,0,2018,12,8,5,3,5,2,0,1,0,0,0,0,1,1,610539.5824,5969952.0838,40
10.6446753422439,53.8554021197366,123035,1,0,3,0,2018,12,11,6,3,5,2,0,1,1,0,0,0,0,0,608176.4707,5968687.7484,40
10.7344272893656,53.8614896425326,123051,1,0,3,0,2018,12,6,4,3,3,6,2,1,1,0,0,0,0,1,614062.7,5969505.5408,40
10.6883726835852,53.8711166276356,123059,1,0,3,0,2018,12,17,7,3,6,2,2,0,1,1,0,0,0,1,611008.7446,5970503.4027,40
10.8712760206363,53.9579275467354,123068,1,0,3,0,2018,12,11,6,3,6,4,0,1,0,1,0,0,0,0,622778.238,5980462.106,40
10.7394736456798,53.8508873386328,123082,1,0,3,0,2018,12,12,5,3,3,6,0,1,0,0,0,0,0,1,614423.4614,5968334.2436,40
10.6537186051816,53.8583156116812,123092,1,0,3,0,2018,11,7,6,3,5,7,0,0,1,0,0,0,0,0,608763.6736,5969025.6845,40
10.7772853400331,53.8887388269725,123094,1,0,3,0,2018,11,12,6,3,5,3,0,0,1,0,0,0,0,0,616804.9672,5972606.5617,40
10.6879371301702,53.8676723066094,123097,1,0,3,0,2018,12,11,4,3,6,4,0,0,0,1,0,0,1,1,610989.2295,5970119.5632,40
10.6901103461919,53.8603377783904,123098,1,0,3,0,2018,12,0,7,2,0,1,2,1,0,0,0,0,0,0,611151.5587,5969307.0495,70